INSERT INTO training_type (training_type_name)
VALUES ('FITNESS'),
       ('YOGA'),
       ('ZUMBA'),
       ('STRETCHING'),
       ('CARDIO'),
       ('CROSSFIT');

INSERT INTO users (first_name, last_name, username, password, is_active)
VALUES ('Naruto', 'Uzumaki', 'naruto.uzumaki', 'password1', true),
       ('Sasuke', 'Uchiha', 'sasuke.uchiha', 'password2', true),
       ('Sakura', 'Haruno', 'sakura.haruno', 'password3', true),
       ('Kakashi', 'Hatake', 'kakashi.hatake', 'password4', true),
       ('Goku', 'Son', 'goku.son', 'password5', true),
       ('Vegeta', 'Prince', 'vegeta.prince', 'password6', true),
       ('Ichigo', 'Kurosaki', 'ichigo.kurosaki', 'password7', true),
       ('Rukia', 'Kuchiki', 'rukia.kuchiki', 'password8', true),
       ('Luffy', 'Monkey', 'luffy.monkey', 'password9', true),
       ('Zoro', 'Roronoa', 'zoro.roronoa', 'password10', true),
       ('Shoto', 'Todoroki', 'shoto.todoroki', 'password11', true),
       ('Eren', 'Yeager', 'eren.yeager', 'password12', true),
       ('Mikasa', 'Ackerman', 'mikasa.ackerman', 'password13', true),
       ('Levi', 'Ackerman', 'levi.ackerman', 'password14', true),
       ('Edward', 'Elric', 'edward.elric', 'password15', true),
       ('Alphonse', 'Elric', 'alphonse.elric', 'password16', true),
       ('Natsu', 'Dragneel', 'natsu.dragneel', 'password17', true),
       ('Laxus', 'Dreyar', 'laxus.dreyar', 'password18', true),
       ('Gon', 'Freecss', 'gon.freecss', 'password19', true),
       ('Killua', 'Zoldyck', 'killua.zoldyck', 'password20', true),
       ('Yusuke', 'Urameshi', 'yusuke.urameshi', 'password21', true),
       ('Hiei', 'Jagan', 'hiei.jagan', 'password22', true),
       ('Yugi', 'Mutou', 'yugi.mutou', 'password23', true),
       ('Seto', 'Kaiba', 'seto.kaiba', 'password24', true),
       ('Light', 'Yagami', 'light.yagami', 'password25', true),
       ('Detective', 'Pikachu', 'detective.pikachu', 'password26', true),
       ('Ichigo', 'Kujo', 'ichigo.kujo', 'password27', true),
       ('Rintarou', 'Okabe', 'rintarou.okabe', 'password28', true),
       ('Kurisu', 'Makise', 'kurisu.makise', 'password29', true),
       ('Shinji', 'Ikari', 'shinji.ikari', 'password30', true),
       ('Rei', 'Ayanami', 'rei.ayanami', 'password31', true),
       ('Asuka', 'Soryu', 'asuka.soryu', 'password32', true),
       ('Kirito', 'Kirigaya', 'kirito.kirigaya', 'password33', true),
       ('Asuna', 'Yuuki', 'asuna.yuuki', 'password34', true),
       ('Guts', 'Guts', 'guts.guts', 'password35', true),
       ('Griffith', 'WhiteHawk', 'griffith.whitehawk', 'password36', true),
       ('Ken', 'Kaneki', 'ken.kaneki', 'password37', true),
       ('Touka', 'Kirishima', 'touka.kirishima', 'password38', true),
       ('Spike', 'Spiegel', 'spike.spiegel', 'password39', true),
       ('Jet', 'Black', 'jet.black', 'password40', true),
       ('Edward', 'Ed', 'edward.ed', 'password41', true),
       ('Vash', 'Stampede', 'vash.stampede', 'password42', true),
       ('Knives', 'Millions', 'knives.millions', 'password43', true),
       ('Ryuko', 'Matoi', 'ryuko.matoi', 'password44', true),
       ('Satsuki', 'Kiryuin', 'satsuki.kiryuin', 'password45', true),
       ('Yukihira', 'Soma', 'yukihira.soma', 'password46', true),
       ('Erina', 'Nakiri', 'erina.nakiri', 'password47', true),
       ('Asta', 'Blackbull', 'asta.blackbull', 'password48', true),
       ('Yuno', 'Grimoire', 'yuno.grimoire', 'password49', true),
       ('Boruto', 'Uzumaki', 'boruto.uzumaki', 'password50', true),
       ('Shikamaru', 'Nara', 'shikamaru.nara', 'password51', true),
       ('Hinata', 'Hyuga', 'hinata.hyuga', 'password52', true),
       ('Gaara', 'Sabaku', 'gaara.sabaku', 'password53', true),
       ('Nezuko', 'Kamado', 'nezuko.kamado', 'password54', true),
       ('Tanjiro', 'Kamado', 'tanjiro.kamado', 'password55', true),
       ('Giyu', 'Tomiyoka', 'giyu.tomiyoka', 'password56', true),
       ('Zenitsu', 'Agatsuma', 'zenitsu.agatsuma', 'password57', true),
       ('Inosuke', 'Hashibira', 'inosuke.hashibira', 'password58', true),
       ('Megumin', 'Explosion', 'megumin.explosion', 'password59', true),
       ('Aqua', 'Goddess', 'aqua.goddess', 'password60', true),
       ('Kazuma', 'Satou', 'kazuma.satou', 'password61', true),
       ('Rem', 'Rem', 'rem.rem', 'password62', true),
       ('Emilia', 'Emilia', 'emilia.emilia', 'password63', true),
       ('Subaru', 'Natsuki', 'subaru.natsuki', 'password64', true),
       ('Toru', 'Honda', 'toru.honda', 'password65', true),
       ('Yuki', 'Soma', 'yuki.soma', 'password66', true),
       ('Kyo', 'Soma', 'kyo.soma', 'password67', true),
       ('Edward', 'Newgate', 'edward.newgate', 'password68', true),
       ('Shanks', 'Redhair', 'shanks.redhair', 'password69', true),
       ('Trafalgar', 'Law', 'trafalgar.law', 'password70', true),
       ('Boa', 'Hancock', 'boa.hancock', 'password71', true),
       ('Nico', 'Robin', 'nico.robin', 'password72', true),
       ('Nami', 'Nami', 'nami.nami', 'password73', true),
       ('Franky', 'Franky', 'franky.franky', 'password74', true),
       ('Uryu', 'Ishida', 'uryu.ishida', 'password75', true),
       ('Renji', 'Abarai', 'renji.abarai', 'password76', true),
       ('Orihime', 'Inoue', 'orihime.inoue', 'password77', true),
       ('Chad', 'Sado', 'chad.sado', 'password78', true),
       ('Rukia', 'Kuchiki', 'rukia.kuchiki2', 'password79', true),
       ('Byakuya', 'Kuchiki', 'byakuya.kuchiki', 'password80', true),
       ('Neji', 'Hyuga', 'neji.hyuga', 'password81', true),
       ('Tsunade', 'Senju', 'tsunade.senju', 'password82', true),
       ('Orochimaru', 'Sannin', 'orochimaru.sannin', 'password83', true),
       ('Itachi', 'Uchiha', 'itachi.uchiha', 'password84', true),
       ('Deidara', 'Akasuna', 'deidara.akasuna', 'password85', true),
       ('Kisame', 'Hoshigaki', 'kisame.hoshigaki', 'password86', true),
       ('Hidan', 'Jashin', 'hidan.jashin', 'password87', true),
       ('Obito', 'Uchiha', 'obito.uchiha', 'password88', true),
       ('Madara', 'Uchiha', 'madara.uchiha', 'password89', true),
       ('Kaguya', 'Ootsutsuki', 'kaguya.ootsutsuki', 'password90', true),
       ('Kiba', 'Inuzuka', 'kiba.inuzuka', 'password91', true),
       ('Shino', 'Aburame', 'shino.aburame', 'password92', true),
       ('Rock', 'Lee', 'rock.lee', 'password93', true),
       ('Tenten', 'Tenten', 'tenten.tenten', 'password94', true),
       ('Temari', 'Temari', 'temari.temari', 'password95', true),
       ('Kankuro', 'Kankuro', 'kankuro.kankuro', 'password96', true),
       ('Minato', 'Namikaze', 'minato.namikaze', 'password97', true),
       ('Saitama', 'Hero', 'saitama.hero', 'password98', true),
       ('Genos', 'Cyborg', 'genos.cyborg', 'password99', true),
       ('Bang', 'Silverfang', 'bang.silverfang', 'password100', true);

INSERT INTO trainee (user_id, date_of_birth, address)
VALUES (1, '1999-10-10', '123 Konoha Street'),
       (2, '1999-07-23', '456 Konoha Avenue'),
       (3, '2000-03-28', '789 Konoha Lane'),
       (4, '1989-04-16', '321 Saiyan Boulevard'),
       (5, '1988-08-18', '654 Saiyan Drive'),
       (6, '1995-01-15', '987 Karakura Town'),
       (7, '1994-06-14', '111 Karakura Avenue'),
       (8, '1993-01-10', '222 Water 7'),
       (9, '1992-02-15', '333 Marineford'),
       (10, '1991-03-20', '444 Dressrosa'),
       (11, '1990-04-25', '555 Alabasta'),
       (12, '1989-05-30', '666 Enies Lobby'),
       (13, '1988-06-05', '777 Thriller Bark'),
       (14, '1987-07-10', '888 Zou Island'),
       (15, '1986-08-15', '999 Wano Country'),
       (16, '1985-09-20', '111 Loguetown'),
       (17, '1984-10-25', '222 Reverse Mountain'),
       (18, '1983-11-30', '333 Whiskey Peak'),
       (19, '1982-12-05', '444 Little Garden'),
       (20, '1981-01-10', '555 Drum Island'),
       (21, '1980-02-15', '666 Skypiea'),
       (22, '1979-03-20', '777 Water 7'),
       (23, '1978-04-25', '888 Enies Lobby'),
       (24, '1977-05-30', '999 Sabaody Archipelago'),
       (25, '1976-06-05', '111 Amazon Lily'),
       (26, '1975-07-10', '222 Impel Down'),
       (27, '1974-08-15', '333 Marineford'),
       (28, '1973-09-20', '444 Fish-Man Island'),
       (29, '1972-10-25', '555 Punk Hazard'),
       (30, '1971-11-30', '666 Dressrosa'),
       (31, '1970-12-05', '777 Zou Island'),
       (32, '1969-01-10', '888 Whole Cake Island'),
       (33, '1968-02-15', '999 Wano Country'),
       (34, '1967-03-20', '111 Alabasta'),
       (35, '1966-04-25', '222 East Blue'),
       (36, '1965-05-30', '333 Loguetown'),
       (37, '1964-06-05', '444 Reverse Mountain'),
       (38, '1963-07-10', '555 Whiskey Peak'),
       (39, '1962-08-15', '666 Little Garden'),
       (40, '1961-09-20', '777 Drum Island'),
       (41, '1960-10-25', '888 Skypiea'),
       (42, '1959-11-30', '999 Water 7'),
       (43, '1958-12-05', '111 Enies Lobby'),
       (44, '1957-01-10', '222 Thriller Bark'),
       (45, '1956-02-15', '333 Sabaody Archipelago'),
       (46, '1955-03-20', '444 Amazon Lily'),
       (47, '1954-04-25', '555 Impel Down'),
       (48, '1953-05-30', '666 Marineford'),
       (49, '1952-06-05', '777 Fish-Man Island'),
       (50, '1951-07-10', '888 Punk Hazard');

INSERT INTO trainer (user_id, training_type_id)
VALUES (51, 1),
       (52, 2),
       (53, 4),
       (54, 5),
       (55, 6),
       (56, 1),
       (57, 2),
       (58, 3),
       (59, 5),
       (60, 6),
       (61, 1),
       (62, 2),
       (63, 4),
       (64, 5),
       (65, 6),
       (66, 1),
       (67, 2),
       (68, 4),
       (69, 5),
       (70, 6),
       (71, 3),
       (72, 2),
       (73, 3),
       (74, 5),
       (75, 3),
       (76, 3),
       (77, 2),
       (78, 4),
       (79, 5),
       (80, 6),
       (81, 1),
       (82, 2),
       (83, 4),
       (84, 5),
       (85, 6),
       (86, 1),
       (87, 2),
       (88, 4),
       (89, 5),
       (90, 6),
       (91, 1),
       (92, 3),
       (93, 4),
       (94, 5),
       (95, 6),
       (96, 1),
       (97, 3),
       (98, 4),
       (99, 5),
       (100, 3);

INSERT INTO training (trainee_id, trainer_id, training_name, training_type_id, training_date, training_duration)
VALUES (1, 1, 'Fitness Training', 1, '2024-09-01', 60),
       (2, 2, 'Yoga Training', 2, '2024-09-02', 45),
       (3, 3, 'Stretching Session', 4, '2024-09-03', 30),
       (4, 4, 'Cardio Workout', 5, '2024-09-04', 50),
       (5, 5, 'CrossFit Training', 6, '2024-09-05', 75),
       (6, 6, 'Fitness Training', 1, '2024-09-06', 60),
       (7, 7, 'Yoga Training', 2, '2024-09-07', 45),
       (8, 8, 'Stretching Session', 3, '2024-09-08', 30),
       (9, 9, 'Cardio Workout', 5, '2024-09-09', 50),
       (10, 10, 'CrossFit Training', 6, '2024-09-10', 75),
       (11, 11, 'Fitness Training', 1, '2024-09-11', 60),
       (12, 12, 'Yoga Training', 2, '2024-09-12', 45),
       (13, 13, 'Stretching Session', 4, '2024-09-13', 30),
       (14, 14, 'Cardio Workout', 5, '2024-09-14', 50),
       (15, 15, 'CrossFit Training', 6, '2024-09-15', 75),
       (16, 16, 'Fitness Training', 1, '2024-09-16', 60),
       (17, 17, 'Yoga Training', 2, '2024-09-17', 45),
       (18, 18, 'Stretching Session', 4, '2024-09-18', 30),
       (19, 19, 'Cardio Workout', 5, '2024-09-19', 50),
       (20, 20, 'CrossFit Training', 6, '2024-09-20', 75),
       (21, 21, 'Stretching Session', 3, '2024-09-21', 30),
       (22, 22, 'Yoga Training', 2, '2024-09-22', 45),
       (23, 23, 'Stretching Session', 3, '2024-09-23', 30),
       (24, 24, 'Cardio Workout', 5, '2024-09-24', 50),
       (25, 25, 'Stretching Session', 3, '2024-09-25', 30),
       (26, 26, 'Stretching Session', 3, '2024-09-26', 30),
       (27, 27, 'Yoga Training', 2, '2024-09-27', 45),
       (28, 28, 'Stretching Session', 4, '2024-09-28', 30),
       (29, 29, 'Cardio Workout', 5, '2024-09-29', 50),
       (30, 30, 'CrossFit Training', 6, '2024-09-30', 75),
       (31, 31, 'Fitness Training', 1, '2024-10-01', 60),
       (32, 32, 'Yoga Training', 2, '2024-10-02', 45),
       (33, 33, 'Stretching Session', 4, '2024-10-03', 30),
       (34, 34, 'Cardio Workout', 5, '2024-10-04', 50),
       (35, 35, 'CrossFit Training', 6, '2024-10-05', 75),
       (36, 36, 'Fitness Training', 1, '2024-10-06', 60),
       (37, 37, 'Yoga Training', 2, '2024-10-07', 45),
       (38, 38, 'Stretching Session', 4, '2024-10-08', 30),
       (39, 39, 'Cardio Workout', 5, '2024-10-09', 50),
       (40, 40, 'CrossFit Training', 6, '2024-10-10', 75),
       (41, 41, 'Fitness Training', 1, '2024-10-11', 60),
       (42, 42, 'Stretching Session', 3, '2024-10-12', 30),
       (43, 43, 'Stretching Session', 4, '2024-10-13', 30),
       (44, 44, 'Cardio Workout', 5, '2024-10-14', 50),
       (45, 45, 'CrossFit Training', 6, '2024-10-15', 75),
       (46, 46, 'Fitness Training', 1, '2024-10-16', 60),
       (47, 47, 'Stretching Session', 3, '2024-10-17', 30),
       (48, 48, 'Stretching Session', 4, '2024-10-18', 30),
       (49, 49, 'Cardio Workout', 5, '2024-10-19', 50),
       (50, 50, 'Stretching Session', 3, '2024-10-20', 30);

INSERT INTO trainee_trainer (trainee_id, trainer_id)
VALUES (1, 1),
       (2, 2),
       (3, 3),
       (4, 4),
       (5, 5),
       (6, 6),
       (7, 7),
       (8, 8),
       (9, 9),
       (10, 10),
       (11, 11),
       (12, 12),
       (13, 13),
       (14, 14),
       (15, 15),
       (16, 16),
       (17, 17),
       (18, 18),
       (19, 19),
       (20, 20),
       (21, 21),
       (22, 22),
       (23, 23),
       (24, 24),
       (25, 25),
       (26, 26),
       (27, 27),
       (28, 28),
       (29, 29),
       (30, 30),
       (31, 31),
       (32, 32),
       (33, 33),
       (34, 34),
       (35, 35),
       (36, 36),
       (37, 37),
       (38, 38),
       (39, 39),
       (40, 40),
       (41, 41),
       (42, 42),
       (43, 43),
       (44, 44),
       (45, 45),
       (46, 46),
       (47, 47),
       (48, 48),
       (49, 49),
       (50, 50);

TRUNCATE TABLE users RESTART IDENTITY CASCADE;

ALTER TABLE users ALTER COLUMN password TYPE VARCHAR(128);